0,0.4496487119437939,-0.21060555369688863,-0.3442622950819672,0.5809635329541653,-0.4028103044496487,-0.3113081298093008,0.49882903981264637,-0.3347273335563734,-0.45433255269320844,0.6278019404483104,-0.4707259953161593,-0.33706925393108067,0.5292740046838408,-0.2293409166945467,-0.32084309133489464,0.6301438608230177,-0.2997658079625293,-0.18484442957510877,0.522248243559719,-0.16845098695215796,-0.2693208430913349,-0.1590833054533289,0.43559718969555034,-0.2714954834392774,0.5058548009367682,-0.2714954834392774,-0.3793911007025761,0.6395115423218467
2,0.2928913192071087,-0.3544087491455913,0.35509227614490774,0.3872180451127819,-0.34347231715652765,0.4685577580314422,-0.3386876281613123,0.5164046479835953,0.5512645249487356,-0.3544087491455913,0.44121667805878334,-0.4835953520164047,-0.43916609706083387,0.41592617908407375,-0.3721804511278195,-0.3591934381408066,0.43643198906356806,-0.33526999316473005,-0.30519480519480513,0.42549555707450437,-0.2812713602187286,-0.28263841421736163,0.43643198906356806,-0.25871496924128506,-0.22863978127136017,0.4207108680792891,-0.20471633629528363,-0.20608339029391667
0,0.3174055829228243,0.3924466338259442,-0.46190476190476193,-0.42594417077175695,-0.5032840722495895,-0.4696223316912972,0.36108374384236447,0.4200328407224959,0.3679802955665024,-0.5201970443349754,-0.5814449917898195,-0.5133004926108374,-0.5469622331691297,0.4545155993431856,0.40016420361247945,0.4614121510673235,-0.4596059113300493,-0.39376026272577996,-0.4435139573070608,-0.37766830870279144,0.4185550082101806,-0.36617405582922824,0.3518883415435139,0.42233169129720854,0.37487684729064036,0.445320197044335,0.4047619047619047,0.47060755336617405
2,0.2929475587703435,0.3197709463532248,0.3520192887281494,-0.4439421338155516,-0.4412296564195299,-0.448161543098252,-0.4454490657022303,0.5476190476190476,0.537673297166968,0.442133815551537,0.4364074743821579,0.42947558770343575,0.43218806509945745,0.42103676913803495,0.4195298372513562,-0.45238095238095244,-0.43279083785412903,-0.4270644966847499,-0.41169379144062695,-0.40596745027124775,-0.39481615430982525,-0.3890898131404461,-0.37793851717902355,-0.3722121760096444,-0.3610608800482219,0.39150090415913197,0.3942133815551537,0.38728149487643154
2,0.6576530612244899,-0.5416666666666666,-0.20663265306122447,0.35833333333333334,-0.2042517006802721,-0.5392857142857143,0.7243197278911565,-0.5392857142857143,-0.2018707482993197,0.4107142857142857,-0.2018707482993197,-0.5345238095238095,0.7671768707482993,-0.5321428571428571,-0.19472789115646258,0.4511904761904762,-0.19234693877551018,-0.525,-0.1899659863945578,0.4035714285714286,-0.23282312925170065,0.39880952380952384,-0.19710884353741495,0.3964285714285714,-0.17568027210884352,0.3964285714285714,-0.1518707482993197,0.3964285714285714
0,0.35146862483311087,0.47530040053404543,-0.3751668891855807,-0.2933911882510013,-0.4405874499332443,-0.36348464619492654,0.4238985313751669,0.5453938584779706,0.44025367156208284,-0.4289052069425901,-0.5246995994659546,-0.3798397863818424,-0.45460614152202933,0.5664218958611482,0.4542723631508679,0.5664218958611482,-0.3681575433911882,-0.24432576769025363,-0.3447930574098798,-0.22096128170894522,0.47062750333778375,-0.2022696929238985,0.36315086782376504,-0.2933911882510013,0.4168891855807744,-0.298064085447263,-0.4125500667556742,0.57109479305741
1,0.3903538050734312,0.3975300400534046,-0.34562750333778375,-0.3758344459279038,-0.4344125500667557,-0.45527369826435243,0.4254005340453938,0.4465954606141523,0.4534379172229639,-0.47863818424566085,-0.47413217623498,-0.45527369826435243,-0.4390854472630174,0.5213618157543392,0.5095126835781041,0.5003337783711616,-0.33861815754339125,-0.32676902536715613,-0.326935914552737,-0.31041388518024027,0.5025033377837116,0.5213618157543392,0.5165220293724966,-0.2216288384512683,-0.21945927903871834,-0.2099465954606141,-0.21945927903871834,0.4465954606141523
2,0.4772036474164133,-0.4120229652144546,-0.40932117527862216,0.5075987841945289,-0.40932117527862216,-0.40965889902060115,0.5504896994258696,-0.4072948328267477,-0.4045930428909153,0.5785207700101317,-0.40222897669706187,-0.40965889902060115,0.5386693684566024,-0.42147922998986825,-0.39277271192164814,0.5265113137453563,-0.38568051334008785,0.5241472475515029,0.5268490374873352,-0.3765619723066531,0.5221209050996285,-0.3694697737250929,-0.3620398514015536,0.5099628503883823,-0.3549476528199933,0.5052347180006754,0.5055724417426545,-0.34582911178655856
1,0.39025974025974025,0.3855519480519481,0.3948051948051948,0.3946428571428572,0.4061688311688312,0.41282467532467537,0.43344155844155846,0.44009740259740265,-0.5142857142857142,-0.5212662337662337,-0.5051948051948052,-0.5030844155844155,-0.47337662337662334,-0.44399350649350644,-0.412012987012987,-0.40081168831168823,-0.3801948051948052,-0.3803571428571428,-0.37337662337662336,-0.37581168831168826,-0.35746753246753243,-0.3394480519480519,0.4857142857142857,0.4787337662337663,0.4766233766233766,0.4446428571428572,0.42889610389610394,0.40827922077922085
0,0.0602203647416414,0.07294832826747724,0.08947568389057757,0.10220364741641341,0.11873100303951374,0.12613981762917936,0.14000759878419458,0.14475683890577512,0.15330547112462012,0.15539513677811553,0.16394376899696056,0.16337386018237085,0.16926291793313075,0.16603343465045597,0.16660334346504566,0.16337386018237085,0.16926291793313075,0.16603343465045597,0.16926291793313075,0.04635258358662618,0.07085866261398183,-0.8047112462006079,-0.8068009118541033,0.1287993920972645,0.14798632218844993,-0.8153495440729482,-0.8121200607902735,0.1846504559270517
1,0.40571428571428575,0.29361344537815126,0.4104201680672269,0.2959663865546218,-0.37310924369747894,-0.5228571428571429,-0.42957983193277305,-0.5605042016806723,-0.4625210084033613,-0.5863865546218487,-0.48134453781512604,0.3642016806722689,0.4951260504201681,0.39714285714285713,0.518655462184874,0.39714285714285713,0.4951260504201681,0.3618487394957983,-0.31193277310924367,-0.4146218487394958,-0.28134453781512603,-0.3769747899159664,-0.23663865546218485,-0.3369747899159664,-0.20605042016806718,0.3618487394957983,0.4574789915966387,0.32655462184873946
2,0.2432142857142857,-0.47,-0.4567857142857143,0.3,0.3232142857142857,-0.475,0.3982142857142857,0.4,-0.4667857142857143,0.43,0.44321428571428567,-0.475,-0.4667857142857143,0.335,-0.5567857142857143,0.335,0.3432142857142857,-0.515,0.3382142857142857,-0.47,0.3382142857142857,0.33,-0.4217857142857143,0.33,-0.4017857142857143,0.335,0.3432142857142857,-0.39
0,0.384679572763685,0.4028704939919894,-0.38868491321762344,-0.4032042723631508,-0.4307409879839786,0.4285714285714286,0.42907209612817093,0.4449265687583445,-0.4938251001335113,-0.503671562082777,-0.5218624833110814,-0.5223631508678237,0.46879172229639526,0.4776368491321763,0.4711281708945261,-0.44759679572763683,-0.38868491321762344,-0.33778371161548726,0.44776368491321766,0.4028704939919894,0.4080440587449934,0.4215620827770361,-0.41672229639519354,-0.41488651535380505,-0.42373164218958603,-0.41722296395193587,0.4547730307076102,0.46829105473965293
0,0.3699633699633699,-0.22527472527472525,-0.2710622710622711,0.4125457875457876,-0.3768315018315019,0.434981684981685,0.45009157509157505,-0.4496336996336996,0.4757326007326007,-0.48168498168498164,-0.48260073260073266,0.4894688644688645,-0.38644688644688646,0.5054945054945055,0.5141941391941391,-0.2733516483516483,0.5173992673992673,-0.23489010989010986,-0.2165750915750916,0.37728937728937734,-0.3351648351648352,-0.3374542124542124,0.43086080586080583,-0.34386446886446886,-0.34478021978021983,0.4734432234432235,-0.34478021978021983,-0.34706959706959706
2,-0.026295133437990535,-0.16993720565149129,0.012166405023547926,-0.1809262166405023,0.061616954474097374,-0.1864207221350078,0.10557299843014133,-0.1864207221350078,0.15502354788069078,-0.1864207221350078,0.18249607535321827,-0.1864207221350078,0.19897959183673475,-0.1754317111459968,0.2209576138147567,-0.16993720565149129,0.2374411302982732,-0.16993720565149129,0.12205651491365782,-0.2688383045525902,0.10557299843014133,0.6652276295133439,-0.7625588697017268,0.6597331240188383,-0.7021193092621664,0.6542386185243328,0.08908948194662485,-0.09850863422291987
2,0.09535895576504709,0.06018854242204498,0.16642494561276283,0.126178390137781,-0.6000725163161712,-0.6758520667150109,-0.6000725163161712,-0.6758520667150109,-0.6000725163161712,-0.6758520667150109,-0.6000725163161712,0.30384336475707036,0.38977519941986943,0.32414793328498914,0.24764321972443795,0.17693981145757798,0.25271936185641763,0.17693981145757798,0.25271936185641763,0.17693981145757798,0.25271936185641763,0.17186366932559827,0.24764321972443795,0.17186366932559827,0.24764321972443795,0.17186366932559827,0.24764321972443795,0.16678752719361858
2,0.09536891679748825,0.17582417582417584,0.17778649921507067,0.24725274725274726,-0.3661695447409733,-0.32967032967032966,-0.3551805337519623,-0.3241758241758242,-0.3606750392464678,-0.34065934065934067,-0.37166405023547877,-0.34065934065934067,0.5074568288854003,0.5604395604395604,0.5184458398744113,0.35714285714285715,0.33712715855573,-0.43956043956043955,-0.4375981161695447,-0.37362637362637363,0.3316326530612245,0.34615384615384615,0.30416012558869704,0.3241758241758242,-0.21232339089481944,-0.15934065934065933,-0.16836734693877548,0.2967032967032967
0,0.3291117865585951,0.2695035460992908,-0.4510300574130361,-0.541371158392435,-0.488855116514691,-0.5721040189125296,0.37639311043566365,0.3144208037825059,0.39057750759878423,0.3262411347517731,-0.5857818304626815,-0.6619385342789598,-0.5952380952380952,0.3333333333333333,0.4000337723741979,0.32860520094562645,0.39530563998649104,-0.5484633569739953,-0.4652144545761567,-0.5200945626477541,-0.4321175278622087,0.3120567375886525,0.34329618372171566,0.2978723404255319,0.38348530901722394,0.32387706855791965,0.4000337723741979,0.3380614657210402
2,0.02238314680710996,-0.217577353522054,0.07768268597761688,-0.217577353522054,0.13298222514812377,-0.2221856484529296,0.1698485845951284,-0.2221856484529296,0.206714944042133,-0.2221856484529296,0.25279789335088876,-0.21296905859117846,0.3034891375905201,-0.20836076366030287,0.3173140223831468,-0.20836076366030287,0.14219881500987494,-0.34660961158657017,0.15141540487162608,0.5612244897959183,-0.6826859776168531,0.5612244897959183,-0.641211323238973,0.5612244897959183,-0.5997366688610928,0.5520078999341672,0.14680710994075052,-0.15766951942067153
1,0.3639230526647745,0.36644591611479027,0.38379060233364864,0.3818984547461369,0.39703563544623144,0.40176600441501104,0.4257332071901608,0.434878587196468,-0.5036266162093977,-0.5231788079470199,-0.5102491327656891,-0.49448123620309054,-0.4705140334279408,-0.45253863134657835,-0.4042888678650269,-0.3818984547461369,-0.3623462630085147,-0.3620309050772627,-0.35130873541469576,-0.35320088300220753,-0.33585619678334916,-0.31567328918322296,0.4897508672343109,0.47019867549668876,0.45884578997161773,0.4326710816777042,0.4191106906338694,0.39514348785871967
0,0.4691211401425178,-0.3919239904988123,-0.3527315914489311,0.4346793349168646,-0.38836104513064135,0.44655581947743467,0.5190023752969121,-0.5083135391923991,0.5261282660332541,-0.5201900237529691,-0.46199524940617576,0.47030878859857483,-0.4477434679334917,-0.4916864608076009,0.5380047505938242,-0.45605700712589076,0.5380047505938242,0.47030878859857483,-0.3479809976247031,0.46080760095011875,-0.32660332541567694,-0.3847980997624703,0.48812351543942994,0.4418052256532066,-0.37173396674584325,-0.44418052256532065,-0.3812351543942993,0.47268408551068886
0,0.35154707044107963,-0.33887425938117177,0.36537195523370636,-0.37113232389730083,0.3768926925608953,-0.4149111257406188,0.38150098749177086,-0.4540816326530612,0.3861092824226464,-0.4679065174456879,-0.5724160631994734,0.5090520078999342,-0.5401579986833444,0.5205727452271232,-0.49637919684002635,0.5251810401579987,-0.4549045424621462,0.5320934825543121,-0.44107965766951945,-0.33196181698485844,0.35154707044107963,-0.37804476629361417,0.3722843976300197,-0.3734364713627386,0.3999341672152732,0.5159644502962476,-0.48025016458196185,0.5274851876234365
2,0.4211749788672865,0.4315300084530853,-0.48119188503803895,-0.4856297548605242,-0.48119188503803895,0.4581572273879965,0.46851225697379534,-0.4856297548605242,-0.48119188503803895,-0.4856297548605242,0.489222316145393,0.4907016060862214,0.5010566356720202,-0.4856297548605242,-0.48415046491969577,0.511411665257819,0.47147083685545216,0.467032967032967,-0.495984784446323,-0.48858833474218094,0.4655536770921386,0.4581572273879965,-0.4427303465765005,-0.4323753169907017,0.45963651732882493,0.45519864750633976,-0.41018596787827566,-0.40870667793744725
1,0.3109436435124508,-0.2706422018348624,-0.36566186107470516,0.3922018348623853,-0.44364351245085193,-0.4059633027522936,0.3292922673656618,-0.44724770642201833,-0.5307994757536042,0.42201834862385323,0.3889252948885976,-0.4954128440366973,0.4370904325032765,0.5045871559633027,-0.4207077326343382,0.44954128440366975,0.39580602883355176,-0.3394495412844037,0.4233289646133682,0.5,-0.37254259501965925,-0.2889908256880734,0.446264744429882,-0.2545871559633027,-0.3014416775884666,0.46788990825688076,-0.29685452162516385,-0.23394495412844038
2,0.17295345104333865,0.2094703049759229,0.21789727126805775,-0.3747993579454254,-0.37760834670947035,-0.3747993579454254,-0.38322632423756026,0.3892455858747993,0.4257624398073836,0.46227929373996784,0.48194221508828244,-0.3804173354735153,-0.38322632423756026,-0.3804173354735153,-0.37760834670947035,0.5353130016051364,0.5437399678972712,0.3892455858747993,0.3752006420545746,-0.4646869983948636,-0.42817014446227936,-0.39165329052969505,0.35272873194221505,0.35553772070626,-0.32142857142857145,-0.30738362760834675,-0.2989566613162119,0.33306581059390045
0,0.2696864111498257,0.33135888501742156,-0.5181184668989547,-0.4930313588850175,-0.5742160278745645,0.3752613240418118,0.32578397212543553,0.3850174216027874,-0.6400696864111499,-0.5905923344947736,-0.6498257839721254,-0.5979094076655053,0.3477351916376306,0.40209059233449473,0.3428571428571428,-0.4637630662020907,-0.4912891986062718,-0.4320557491289199,0.3331010452961672,-0.4247386759581882,0.28432055749128915,0.35087108013937274,0.3038327526132404,0.36794425087108007,0.32578397212543553,0.3874564459930313,0.3404181184668989,0.40209059233449473
2,-0.5904761904761907,-0.1825396825396824,-0.3682539682539685,-0.1603174603174602,-0.10158730158730186,-0.13809523809523797,0.12063492063492036,-0.11587301587301574,0.27619047619047593,-0.11587301587301574,0.3428571428571426,-0.11587301587301574,0.40952380952380923,-0.11587301587301574,0.009523809523809252,-0.33809523809523795,0.031746031746031474,-0.13809523809523797,0.031746031746031474,0.08412698412698426,0.009523809523809252,0.23968253968253983,-0.03492063492063519,0.3063492063492065,-0.05714285714285741,0.37301587301587313,-0.07936507936507964,0.4174603174603176
1,0.32091346153846156,0.2628777472527472,0.33052884615384615,0.27008928571428564,0.32572115384615385,0.2628777472527472,0.328125,-0.6481799450549451,-0.5853365384615384,0.31576236263736257,-0.5540865384615384,-0.600103021978022,0.3786057692307692,0.306146978021978,-0.4963942307692308,0.2797046703296703,0.359375,-0.5448145604395604,0.38822115384615385,0.3349931318681318,-0.44591346153846156,0.35182005494505486,0.41225961538461536,-0.45827609890109894,-0.38341346153846156,0.3133585164835164,-0.3786057692307692,-0.4462568681318682
2,0.3728991596638656,-0.32528011204481794,-0.2643557422969187,0.3806022408963585,-0.27415966386554613,-0.3448879551820728,0.5199579831932774,-0.3497899159663866,-0.2888655462184873,0.5227591036414566,-0.2839635854341736,-0.3399859943977591,0.6179971988795518,-0.3350840336134454,-0.2692577030812324,0.586484593837535,-0.2643557422969187,-0.32528011204481794,-0.2643557422969187,0.44432773109243695,-0.3771008403361344,-0.413515406162465,0.5052521008403362,-0.3693977591036415,0.5052521008403362,0.43942577030812324,-0.23494397759103636,0.42962184873949577
0,0.4016806722689076,-0.2872268907563025,-0.4124369747899159,0.5339495798319328,-0.4547899159663865,0.5457142857142857,0.439327731092437,-0.39781512605042013,0.4463865546218488,-0.41428571428571426,-0.5300840336134454,0.5715966386554622,-0.49243697478991594,0.5739495798319328,0.46285714285714286,-0.27075630252100835,0.4581512605042017,-0.221344537815126,-0.3277310924369748,-0.21663865546218483,0.40638655462184875,-0.3225210084033613,-0.4336134453781512,0.5504201680672269,-0.4336134453781512,-0.3225210084033613,0.46991596638655464,-0.3225210084033613
2,0.4529466214131441,0.4645171243443381,-0.3980253008330762,-0.40373341561246534,-0.3980253008330762,-0.40373341561246534,0.5371798827522369,0.5444307312557852,0.5609379821042888,-0.3994137611848195,-0.39370564640543043,-0.3994137611848195,-0.3915458191916075,0.5854674483184202,-0.3915458191916075,0.5185128046899105,0.5199012650416538,0.5120333230484418,0.5155816106140081,-0.4145325516815798,-0.3958654736192533,-0.38861462511570505,-0.36994754705337857,-0.36485652576365324,-0.3505091021289725,-0.3475779080530701,0.5026226473310706,0.49691453255168155
1,0.41402419091206283,0.43478260869565216,-0.3205295848316443,-0.34782608695652173,-0.3937561294540699,-0.41647597254004576,0.4552141222621772,0.47368421052631576,0.4735207584177836,-0.482837528604119,-0.48071265119320034,-0.4576659038901602,-0.4486760379208891,0.517162471395881,0.5009807126511933,0.5034324942791762,-0.36400784570120953,-0.34096109839816935,-0.3434128800261523,-0.3318077803203661,0.49182739457339003,0.5125858123569794,0.5078457012095456,-0.2814645308924485,-0.2656096763648251,-0.2334096109839817,-0.22670807453416145,0.45080091533180777
2,-0.5806878306878313,-0.5264550264550267,-0.4140211640211646,-0.3597883597883601,-0.22883597883597945,-0.1746031746031749,-0.04365079365079425,0.010582010582010281,0.1044973544973539,0.1216931216931214,0.19708994708994648,0.19576719576719548,0.27116402116402055,0.26984126984126955,0.3452380952380946,0.3439153439153436,0.4193121693121687,0.4179894179894177,-0.006613756613757215,-0.0634920634920638,-0.006613756613757215,-0.026455026455026755,0.011904761904761304,-0.044973544973545276,-0.025132275132275735,-0.0634920634920638,-0.04365079365079425,-0.10052910052910083
0,0.3429273429273429,0.3511758511758512,0.36749736749736744,-0.41049491049491044,-0.435942435942436,-0.47437697437697435,-0.49491049491049494,-0.5136890136890137,0.4559494559494559,0.4617409617409618,0.47069147069147066,0.4641979641979642,0.4633204633204633,0.4592839592839593,-0.4236574236574237,-0.39575289575289574,-0.376974376974377,-0.3687258687258687,-0.3524043524043524,0.4666549666549667,0.4731484731484731,0.3536328536328537,0.3871533871533871,-0.43752193752193747,-0.43839943839943846,-0.4424359424359424,-0.43839943839943846,0.48631098631098635
0,0.39113827349121466,0.40087853323147443,0.40718105423987777,0.41692131398013754,0.4232238349885408,-0.465431627196333,-0.48051948051948057,-0.4894957983193277,-0.5019098548510313,-0.502864782276547,-0.48586707410236823,-0.46008403361344535,-0.43773873185637896,-0.41730328495034374,0.4793735676088617,0.4837662337662338,0.48204736440030554,0.48109243697479,-0.346829640947288,0.40087853323147443,0.4152024446142093,-0.40660809778456836,-0.41367456073338427,0.46772345301757073,0.48204736440030554,0.49713521772345304,-0.41367456073338427,-0.40660809778456836
2,0.2796950240770465,-0.45987158908507225,0.3358747993579454,0.27608346709470305,-0.3888443017656501,0.36597110754414125,-0.3888443017656501,0.41091492776886035,0.49879614767255215,-0.45425361155698235,-0.37760834670947035,0.3322632423756019,-0.5012038523274479,0.3322632423756019,0.4089085072231139,-0.5272873194221509,0.40329052969502405,-0.4823434991974318,-0.39446227929374,0.326645264847512,-0.3495184590690209,0.326645264847512,-0.32142857142857145,-0.3924558587479936,0.39767255216693415,-0.37560192616372395,0.39767255216693415,0.32102728731942215
0,0.3609112709832134,0.31431997259335387,-0.420863309352518,-0.49623158615964374,0.40167865707434053,0.3574854402192531,0.4184652278177458,-0.5729701952723536,-0.526378896882494,0.38626241863651933,0.447242206235012,0.3982528263103802,-0.4448441247002398,-0.4722507708119219,0.46642685851318944,0.4150393970537855,0.473621103117506,-0.41469681397738956,-0.3489208633093525,0.42463172319287423,-0.33213429256594723,0.2927372387804042,0.3752997601918465,0.3502911956149366,-0.43285371702637887,-0.4890373415553272,-0.43764988009592326,-0.4938335046248716
1,0.3678237650200267,0.38367823765020026,-0.4289052069425901,-0.39903204272363146,-0.3845126835781041,0.3696595460614152,-0.35881174899866486,0.3953604806408545,-0.5246995994659546,-0.5181909212283043,0.4285714285714286,-0.5018357810413885,-0.4966622162883845,0.4537716955941255,0.43558077436582116,-0.45277036048064084,0.41455273698264355,0.43741655540720964,-0.44759679572763683,0.4584445927903872,0.45894526034712957,-0.40837783711615483,0.47062750333778375,0.4818090787716956,-0.3798397863818424,-0.3593124165554072,0.4449265687583445,-0.34062082777036046
1,0.33085317460317465,-0.26488095238095244,-0.3589616402116402,0.392526455026455,-0.4422949735449735,-0.4060846560846561,0.3424272486772487,-0.44312169312169314,-0.5163690476190476,0.42261904761904756,0.3840939153439154,-0.49173280423280424,0.4188161375661376,0.49437830687830686,-0.5047949735449735,0.5082671957671957,0.4465939153439154,-0.357473544973545,0.40029761904761907,0.47123015873015867,-0.38673941798941797,-0.31349206349206354,0.43501984126984133,-0.2625661375661376,-0.28720238095238093,0.4527116402116402,-0.26173941798941797,-0.2023809523809524
1,0.3308434484905073,-0.27357609710550884,-0.3881107998755058,0.40398381574852166,-0.4817927170868348,-0.43915343915343913,0.3744164332399626,-0.48490507314036724,-0.544973544973545,0.4802365390600685,0.4310613134142545,-0.43043884220354806,0.426704014939309,0.475879240585123,-0.43821973233737943,0.44973544973544977,0.4005602240896358,-0.3607220666044195,0.4397759103641456,0.5150949268596328,-0.3837535014005603,-0.29971988795518206,0.4419545596016184,-0.26486150015561777,-0.3140367258014317,0.4562713974478681,-0.2944288826641768,-0.22782446311858073
2,0.2710526315789474,-0.312406015037594,-0.3131578947368421,0.34022556390977443,-0.32894736842105265,0.387593984962406,0.4236842105263158,-0.34398496240601506,0.4605263157894737,-0.34398496240601506,-0.3394736842105263,0.5139097744360902,-0.3394736842105263,0.556015037593985,0.5763157894736842,-0.3387218045112782,0.4342105263157895,-0.44398496240601504,-0.40789473684210525,0.4244360902255639,-0.3605263157894737,-0.3334586466165414,0.4236842105263158,-0.2860902255639098,-0.26052631578947366,0.4139097744360902,-0.2394736842105263,-0.23345864661654137
1,0.3953563366655918,0.38487584650112866,-0.40374072879716216,-0.3758465011286682,0.3976136730087069,0.41196388261851014,-0.5256368913253788,-0.5135440180586908,-0.49177684617865197,-0.481941309255079,0.4314737181554338,0.4142212189616253,0.40890035472428254,0.3893905191873589,-0.42405675588519826,-0.43002257336343114,-0.4263140922283134,-0.4322799097065463,0.4608190906159304,0.46613995485327314,0.47436310867462117,0.4706546275395034,-0.3698806836504353,-0.3600451467268623,-0.3405353111899387,-0.33747178329571104,0.4134150274105128,0.3939051918735892
2,0.24603174603174602,-0.335978835978836,-0.3253968253968254,0.335978835978836,-0.3253968253968254,-0.335978835978836,0.46825396825396826,-0.335978835978836,-0.3253968253968254,0.5264550264550265,-0.3201058201058201,-0.3306878306878307,0.5687830687830688,-0.3306878306878307,-0.3201058201058201,0.4576719576719577,-0.4312169312169312,0.4417989417989418,0.4523809523809524,-0.36772486772486773,0.4417989417989418,-0.3201058201058201,-0.29365079365079366,0.42592592592592593,-0.2671957671957672,0.42063492063492064,0.4312169312169312,-0.25132275132275134
2,0.11611295681063127,-0.12325581395348838,0.15099667774086384,-0.13023255813953488,0.16960132890365454,-0.1325581395348837,0.19053156146179406,-0.13023255813953488,0.20681063122923593,-0.13023255813953488,0.22308970099667777,-0.13023255813953488,0.23936877076411964,-0.1325581395348837,0.2556478405315615,-0.1325581395348837,0.20215946843853824,-0.18372093023255814,0.2114617940199336,-0.16279069767441862,-0.7443521594684385,0.7930232558139535,-0.7210963455149502,0.7930232558139535,-0.7024916943521594,-0.10697674418604651,0.20215946843853824,-0.09069767441860466
0,0.17655677655677648,-0.17014652014652015,-0.5593406593406594,0.5503663003663004,0.20732600732600726,-0.30604395604395607,0.22271062271062264,0.5811355311355312,-0.7003663003663004,-0.3547619047619048,0.24578754578754572,-0.30604395604395607,-0.6208791208791209,0.6272893772893773,0.2765567765567765,-0.19322344322344323,0.28681318681318674,0.6452380952380953,-0.5054945054945056,-0.14450549450549452,0.18168498168498162,-0.223992673992674,0.22527472527472522,-0.2316849816849817,0.26630036630036624,-0.23681318681318683,0.297069597069597,-0.23681318681318683
0,0.3464458247066943,-0.3378191856452725,-0.4216701173222912,0.4592822636300898,0.4261559696342305,-0.46342305037957204,-0.52311939268461,0.5051759834368531,0.46238785369220153,-0.4537612146307798,-0.46756383712905447,0.5051759834368531,0.4599723947550035,-0.3402346445824706,-0.3685300207039337,0.5220841959972395,0.47688060731538995,-0.2870945479641131,-0.32263630089717044,-0.2677708764665286,0.336783988957902,0.4133885438233265,-0.4192546583850931,-0.3788819875776397,0.443064182194617,0.502760524499655,-0.4289164941338854,-0.3788819875776397
1,0.39124533423820834,0.3125212080081438,0.39362063115032236,-0.5069562266711911,-0.4686121479470648,-0.5805904309467256,-0.5161180861893451,0.36715303698676616,0.46012894468951476,0.3956565999321343,0.48388191381065493,0.40990838140481844,-0.508992195453003,-0.5663386494740414,-0.47336274177129284,-0.5354597896165593,-0.44010858500169664,0.3576518493383101,0.44112656939260264,0.3861554122836783,0.48388191381065493,0.41703427214116046,-0.34747200542925005,-0.40006786562606045,-0.30709195792331184,-0.36918900576857827,0.40787241262300644,0.3125212080081438
0,0.3415178571428571,-0.33121565934065933,-0.45415521978021983,0.4764766483516484,0.37036401098901095,-0.4057348901098901,-0.5382898351648352,0.48849587912087916,0.3799793956043956,-0.4610233516483516,-0.5767513736263736,0.49811126373626374,0.3919986263736263,-0.4225618131868132,-0.5166552197802198,0.5077266483516484,0.3944024725274725,-0.3408310439560439,-0.4445398351648352,-0.33121565934065933,0.34392170329670324,-0.3744848901098901,0.37517170329670324,-0.36967719780219777,0.4088255494505494,0.5269574175824177,-0.4757898351648352,0.5389766483516484
0,0.35846867749419953,0.37752734504474644,0.3863109048723898,-0.4206165064633742,-0.45591647331786544,-0.4786211468346039,-0.5023201856148491,-0.5134239310573417,0.4396751740139211,0.4424925422605237,0.4419953596287703,0.45177328471992045,-0.43503480278422274,-0.40205502154458067,-0.37935034802784223,-0.36493205170699367,-0.3561484918793503,0.47033476963871396,0.46751740139211134,0.36128604574080214,0.38167053364269143,0.4053695724229367,-0.4071925754060325,-0.4066953927742791,-0.41183294663573083,-0.4090155783891283,0.47215777262180975,0.4865760689426583
0,0.31563421828908556,-0.28065739570164355,0.34513274336283184,-0.37210282343025713,0.3746312684365782,-0.4517488411293722,0.40412979351032446,-0.5136957437842394,0.41297935103244837,-0.5461441213653604,0.4218289085545723,0.43910661609776647,-0.45427728613569324,0.4479561736198904,-0.41297935103244837,0.4479561736198904,-0.37168141592920356,0.4479561736198904,-0.3303834808259587,0.4538558786346396,-0.29793510324483774,0.3063632532659081,-0.39823008849557523,-0.3986514959966288,0.41297935103244837,0.43910661609776647,-0.4218289085545723,-0.41930046354825123
2,0.24905517762660626,-0.49168556311413447,0.3072562358276645,-0.49697656840513976,0.37074829931972797,-0.5075585789871504,0.42894935752078617,0.407785336356765,-0.4758125472411186,0.44482237339380204,-0.4758125472411186,0.4659863945578232,-0.4758125472411186,0.3390022675736962,-0.555177626606198,0.33371126228269093,0.3654572940287227,-0.5340136054421768,0.3548752834467121,-0.4863945578231292,0.3495842781557068,0.31254724111866977,-0.40173847316704453,0.3072562358276645,-0.38057445200302337,0.3019652305366592,0.3390022675736962,-0.39644746787603924
0,0.03447563996696949,0.06172584640792726,0.05470685383980187,0.07906688687035501,0.07493806771263424,0.09351775392237813,0.08649876135425273,0.11085879438480588,0.11251032204789435,0.13976052848885212,0.13563170933113133,0.15710156895127986,0.1674236168455822,0.19178364987613536,0.1789843104872007,0.19178364987613536,0.1789843104872007,0.19178364987613536,0.18187448389760533,0.20045417010734923,0.18765483071841457,0.05305532617671339,-0.7834434351775392,0.11952931461601975,-0.8007844756399669,-0.7908753096614369,0.1905450041288192,-0.7995458298926508
2,0.30168589174800364,-0.46228926353149946,0.35137533274179245,-0.46228926353149946,0.40727595385980486,-0.46228926353149946,0.4693877551020409,-0.4747116237799467,-0.38775510204081626,0.4631765749778173,-0.38775510204081626,0.4942324755989353,-0.38775510204081626,0.5128660159716061,-0.37533274179236903,0.40106477373558125,-0.5244010647737355,0.40106477373558125,-0.4685004436557231,0.40106477373558125,-0.41259982253771066,0.3948535936113577,0.4755989352262645,-0.4250221827861579,0.4693877551020409,-0.40017746228926343,0.4693877551020409,-0.38154392191659264
2,0.09,0.11571428571428574,0.13333333333333333,0.15571428571428575,0.17,0.18904761904761908,0.19666666666666666,0.20904761904761907,0.22,0.23904761904761906,0.24666666666666667,0.2590476190476191,0.26666666666666666,0.27571428571428575,0.28,0.18571428571428575,0.17,0.16904761904761909,0.16333333333333333,-0.7242857142857143,-0.7133333333333334,-0.7009523809523809,-0.6966666666666667,-0.6876190476190476,-0.6833333333333333,0.15904761904761908,0.15666666666666668,0.15571428571428575
2,0.2938775510204082,0.33469387755102037,0.36054421768707484,0.39183673469387753,-0.36326530612244895,-0.36054421768707484,-0.36326530612244895,-0.3557823129251701,-0.3537414965986394,-0.3462585034013606,-0.3442176870748299,-0.3414965986394558,0.617687074829932,0.6108843537414965,0.5843537414965987,-0.3414965986394558,0.45578231292517013,0.46802721088435373,0.4653061224489796,0.46802721088435373,-0.382312925170068,-0.3557823129251701,-0.3442176870748299,-0.3319727891156463,-0.3251700680272108,-0.3129251700680272,-0.30136054421768704,0.4727891156462585
2,0.21811846689895475,0.30313588850174217,-0.47456445993031354,-0.4236933797909408,0.32055749128919864,0.41533101045296167,0.3888501742160279,-0.4334494773519164,-0.48919860627177697,0.4982578397212543,0.4522648083623694,0.5177700348432056,-0.47456445993031354,-0.418815331010453,0.48641114982578404,-0.418815331010453,0.33031358885017426,0.3763066202090592,0.31567944250871083,0.3714285714285714,-0.513588850174216,-0.4383275261324042,-0.46968641114982573,-0.38954703832752613,-0.4209059233449477,-0.3505226480836237,0.33031358885017426,0.3909407665505226
0,0.2968975468975469,-0.2864357864357865,-0.4025974025974026,0.4029581529581529,-0.49350649350649356,-0.4354256854256855,0.34487734487734484,0.43831168831168826,-0.5844155844155845,0.43831168831168826,0.3625541125541125,-0.44300144300144306,0.3928571428571428,0.48376623376623373,-0.4177489177489178,-0.3142135642135643,0.41558441558441556,-0.2813852813852814,-0.35461760461760466,-0.25360750360750367,0.24386724386724382,-0.34451659451659455,0.3019480519480519,-0.35461760461760466,0.34992784992784987,0.45598845598845594,-0.45562770562770566,0.49386724386724384
0,0.45121951219512196,0.4678492239467849,-0.33370288248337027,-0.3436807095343681,-0.3713968957871397,0.49445676274944567,0.4911308203991131,-0.42350332594235035,-0.4534368070953437,-0.4611973392461197,0.5155210643015521,0.5277161862527716,0.5177383592017738,-0.44124168514412415,-0.4312638580931264,-0.401330376940133,0.5266075388026608,0.5388026607538803,-0.34478935698447893,-0.31042128603104213,-0.3026607538802661,0.532150776053215,0.4623059866962306,-0.3436807095343681,-0.360310421286031,0.5210643015521065,-0.3669623059866962,-0.35698447893569846
2,0.227085053674649,-0.41948802642444266,-0.41453344343517756,0.2914946325350949,0.31957060280759697,-0.44838976052848895,0.37159372419488024,0.37819983484723363,-0.45499587118084234,0.41866226259289835,0.43517753922378194,-0.4657308009909167,-0.45499587118084234,0.3319570602807596,-0.564822460776218,0.32617671345995036,0.33113129644921546,-0.5177539223782,0.33113129644921546,-0.4657308009909167,0.31957060280759697,0.3088356729975226,-0.3971924029727498,0.3088356729975226,-0.36251032204789435,0.3030553261767134,0.3137902559867877,-0.3501238645747317
0,0.3335034013605442,0.3568027210884353,-0.48792517006802727,-0.4979591836734694,-0.5379251700680272,-0.545578231292517,0.3811224489795918,0.40204081632653055,0.3954081632653061,-0.58843537414966,-0.592687074829932,-0.5527210884353742,0.40017006802721083,0.4091836734693877,0.3954081632653061,-0.47414965986394564,-0.4807823129251701,-0.45986394557823135,-0.4664965986394558,0.4068027210884353,-0.4593537414965987,0.3568027210884353,0.35731292517006796,0.38061224489795914,0.3739795918367347,0.39489795918367343,0.3882653061224489,0.4115646258503401
1,0.339907192575406,0.3334438183626119,0.3236658932714617,0.30560159098442163,0.3004640371229698,0.3334438183626119,-0.5904872389791184,-0.5899900563473649,0.3839907192575406,-0.566788200198873,-0.548723897911833,0.3914484587338416,-0.5232018561484919,0.37984753065959564,0.3723897911832947,-0.49022207490884984,0.3561484918793503,0.3659264169705005,-0.47215777262180975,0.3914484587338416,0.4071925754060325,-0.4391779913821677,0.4095127610208817,-0.4066953927742791,-0.3863109048723898,0.3705667882001989,-0.3723897911832947,-0.3788531653960888
2,-0.057491289198606195,-0.02090592334494766,0.00958188153310112,0.052264808362369415,0.08885017421602795,0.13763066202090599,0.17421602787456453,0.2229965156794426,0.2473867595818816,0.27787456445993036,0.2839721254355401,0.30836236933797917,0.31445993031358893,0.3327526132404182,0.32665505226480845,0.15592334494773527,0.13153310104529625,0.13153310104529625,0.1254355400696865,-0.6672473867595818,-0.636759581881533,-0.5940766550522647,-0.5696864111498257,-0.5452961672473867,-0.539198606271777,0.11324041811846697,0.10104529616724746,0.09494773519163771
0,0.34268907563025214,0.3574789915966387,0.3568067226890757,0.3715966386554622,0.3756302521008404,-0.5342857142857143,-0.5537815126050419,-0.5554621848739495,-0.5702521008403361,-0.5719327731092436,-0.5914285714285714,-0.581344537815126,-0.542016806722689,-0.47781512605042015,-0.4314285714285714,-0.381344537815126,0.3897478991596639,0.3998319327731093,0.3968067226890757,0.40689075630252103,-0.33495798319327724,0.3551260504201681,0.3685714285714286,0.38806722689075634,0.3897478991596639,0.40453781512605047,0.40386554621848747,0.418655462184874
2,0.3610725843735552,-0.4338881183541377,-0.43504392048081375,0.4172445677300047,0.43874248728617654,-0.4338881183541377,-0.43828016643550627,0.4819694868238558,0.49052242256125744,-0.44036061026352286,-0.44151641239019884,0.5078594544613962,0.5131761442441054,-0.44036061026352286,-0.44151641239019884,0.4301895515487749,0.4225612575127138,-0.49214054553860376,-0.477115117891817,0.4172445677300047,0.4128525196486361,-0.4274156264447526,-0.41886269070735094,0.407535829865927,0.40638002773925097,-0.3982894128525196,-0.3929727230698105,0.40429958391123444
2,0.07774269928966068,-0.20599842146803476,0.12746645619573804,-0.22257300710339387,0.17719021310181537,0.5011838989739542,-0.5410418310970796,0.5619573796369376,-0.5465666929755327,0.617205998421468,-0.5465666929755327,0.6393054459352802,-0.5465666929755327,-0.24467245461720602,0.35951065509076563,-0.24467245461720602,0.21586424625098666,-0.36069455406471984,0.2379636937647988,-0.3054459352801895,0.24348855564325184,-0.24467245461720602,0.2490134175217049,-0.1949486977111287,0.2490134175217049,-0.1562746645619574,0.24348855564325184,-0.1397000789265983
0,0.3819666880204996,-0.35890454836643176,-0.39157591287636134,0.4101537475976938,-0.4521140294682896,-0.4754964766175528,0.4380204996796925,-0.5158552210121716,-0.5216207559256887,0.4549967969250481,-0.5261050608584241,-0.4956758488148622,0.4671684817424727,-0.4328955797565663,-0.40951313260730304,0.46620755925688667,-0.3826073030108905,-0.37459961563100574,0.4738949391415759,-0.3544202434336963,-0.3444907110826394,0.354099935938501,0.3819666880204996,0.4056694426649584,0.4290518898142216,0.44602818705957725,0.4559577194106342,0.47069186418962206
1,0.3733449477351916,-0.41480836236933794,0.3928571428571428,-0.4855400696864111,0.4074912891986062,-0.5172473867595818,0.4367595818815331,-0.5440766550522648,-0.49006968641114984,0.412020905923345,-0.49738675958188155,0.4388501742160279,-0.46811846689895475,0.45592334494773523,-0.4266550522648084,0.4339721254355401,-0.3973867595818816,0.4022648083623694,-0.38519163763066205,0.4290940766550523,-0.35592334494773525,0.4461672473867596,0.5026132404181184,-0.3562717770034843,0.4733449477351916,-0.34651567944250866,0.43432055749128917,-0.3538327526132404
1,0.4175704989154013,0.30461729160210727,0.4262472885032538,0.317632475983886,-0.3893709327548807,-0.5370312984195847,-0.43926247288503256,-0.5695692593740316,-0.4609544468546638,-0.5760768515649209,-0.447939262472885,0.4087387666563372,0.5390455531453362,0.42392314843507906,0.5390455531453362,0.40440037186241096,0.49349240780911063,0.3653548187170747,-0.33080260303687636,-0.4415866129532073,-0.3091106290672451,-0.40904865199876045,-0.2613882863340564,-0.36349550666253483,-0.22668112798264642,0.35884722652618534,0.45010845986984815,0.31329408118995977
2,0.38912938912938916,-0.3924963924963925,-0.392015392015392,0.4526214526214526,-0.3852813852813852,-0.38239538239538245,0.5271765271765272,-0.3756613756613757,-0.37181337181337176,0.5637325637325636,-0.37181337181337176,-0.37229437229437234,0.5170755170755171,-0.4362674362674363,0.506974506974507,-0.4025974025974026,0.5002405002405003,0.49975949975949974,-0.3751803751803751,0.493025493025493,-0.3583453583453583,0.4896584896584896,-0.3415103415103415,0.48292448292448287,-0.3246753246753246,-0.31842231842231844,0.4800384800384801,-0.3015873015873016
0,0.321771978021978,0.29241071428571436,-0.38015109890109894,-0.4744162087912087,0.3890796703296703,0.350103021978022,0.4083104395604395,-0.5801854395604396,-0.521978021978022,0.3765453296703297,0.4347527472527472,0.3885645604395605,-0.4354395604395605,-0.4696085164835164,0.4515796703296703,0.4053914835164836,0.4587912087912087,-0.4047046703296703,-0.33928571428571436,0.4198145604395605,-0.3152472527472528,0.28519917582417587,0.3650412087912087,0.350103021978022,-0.41861263736263743,-0.4696085164835164,-0.41861263736263743,-0.4696085164835164
2,0.12471131639722864,0.23424612339161996,0.2586605080831409,0.26888815572418345,0.27251732101616627,0.2781260310128671,0.2840646651270208,0.2896733751237216,0.29330254041570436,0.303530188056747,0.3094688221709007,0.3150775321676015,0.3187066974595843,0.23655559221379086,0.23325635103926096,-0.6849224678323985,-0.6720554272517321,-0.6548993731441768,-0.6420323325635104,0.21346090399208187,0.20785219399538107,0.20653249752556915,0.20323325635103925,-0.604091059056417,-0.6004618937644342,-0.5948531837677333,-0.5912240184757506,0.19267568459254375
1,-0.12571428571428556,0.26071428571428584,-0.18571428571428555,-0.06928571428571416,-0.16571428571428556,-0.24928571428571417,-0.10571428571428555,-0.3992857142857142,-0.045714285714285555,-0.48928571428571416,0.06428571428571445,-0.29928571428571416,0.10428571428571445,-0.14928571428571416,0.10428571428571445,-0.029285714285714165,0.004285714285714448,0.030714285714285836,-0.10571428571428555,0.06071428571428584,0.02428571428571445,0.15071428571428583,0.13428571428571445,0.27071428571428585,0.18428571428571444,0.40071428571428586,0.11428571428571445,0.5107142857142858
0,0.3380072583305839,-0.35862751567139556,-0.49802045529528216,0.4750907291322996,-0.5465193005608711,0.4912570108874959,0.3865061035961728,-0.4717914879577697,0.3957439788848564,-0.4579346750247443,-0.5442098317387002,0.5258990432200594,-0.49109204882876945,0.5282085120422303,0.41652919828439455,-0.34708017156054105,0.4188386671065654,-0.33091388980534475,-0.4333553282744969,-0.3170570768723193,0.3218409765753876,-0.3817222038931046,0.3518640712636093,-0.38634114153744636,0.3841966347740019,0.5074232926426921,-0.500329924117453,0.5235895743978886
0,0.3277056277056278,0.285064935064935,-0.3753246753246752,-0.4664502164502165,0.3701298701298702,0.3396103896103896,-0.5116883116883116,-0.5755411255411256,0.41558441558441567,0.37900432900432895,0.43376623376623386,-0.511904761904762,-0.45108225108225103,0.4032467532467532,0.448917748917749,-0.37554112554112556,-0.3147186147186146,0.4244588744588744,-0.2813852813852813,0.2244588744588744,0.3004329004329005,-0.43008658008658013,-0.38744588744588737,0.34567099567099563,0.4095238095238096,0.38809523809523805,-0.3844155844155843,-0.43008658008658013
0,0.2741265997924594,0.40937391905914905,0.28381182981667247,-0.36544448287789694,-0.5297474922172258,-0.42113455551712214,-0.5709097198201314,-0.4501902455897614,0.3419232099619509,0.4892770667589069,0.3661362850224836,0.508647526807333,0.38066413005880323,-0.3145970252507783,-0.43773780698720166,-0.28796264268419236,-0.40626080940850917,-0.2589069526115531,0.4121411276374957,0.5498097544102386,-0.36025596679349703,0.3875821515046696,-0.4571082670356278,0.436008301625735,0.324974057419578,-0.33638879280525774,0.37824282255274994,-0.3460740228294708
1,0.4034205231388329,-0.2764922870556673,0.4104627766599597,-0.3492622401073105,-0.37357478202548633,0.40895372233400407,-0.420523138832998,0.42538564721663313,-0.45338698859825627,0.4535546613011402,-0.4745137491616365,-0.4783702213279678,0.5207914151576123,-0.4384641180415828,0.5254862508383634,-0.37273641851106637,0.4973172367538564,-0.3492622401073105,-0.32897384305835015,0.4441649899396378,-0.3078470824949699,0.47937625754527163,-0.23507712944332668,0.4699865861837693,-0.20221327967806846,-0.21311200536552646,0.43863179074446673,-0.20372233400402412
1,0.372238586156112,0.39027982326951405,-0.32363770250368185,-0.34425625920471276,-0.37518409425625915,-0.39064801178203234,0.43667157584683364,0.449558173784978,0.4547128129602357,-0.4473490427098674,-0.4628129602356406,-0.45250368188512513,-0.4396170839469808,0.5217231222385862,0.5011045655375552,0.48821796759941094,-0.3726067746686303,-0.3648748159057437,-0.3571428571428571,-0.33394698085419733,0.5320324005891016,0.544918998527246,0.5371870397643594,-0.2592047128129602,-0.2540500736377025,-0.24116347569955812,-0.24889543446244472,0.4392488954344625
1,0.40053258145363413,-0.3209586466165413,0.42246240601503765,-0.4020989974937343,-0.40429197994987465,0.41807644110275693,-0.47008145363408516,0.4421992481203008,-0.450344611528822,0.46632205513784464,-0.4240288220551378,-0.443765664160401,0.5299185463659148,-0.3889411027568922,0.5014097744360902,-0.3560463659147869,0.4729010025062657,-0.3538533834586466,-0.30341478696741847,0.4794799498746868,-0.2770989974937343,0.4926378446115289,-0.24639724310776936,0.4838659147869675,-0.2222744360902255,-0.2573621553884711,0.47070802005012535,-0.2595551378446115
2,0.3347477604903348,0.3521923620933522,0.3611504007543612,0.3818953323903819,-0.4441301272984441,-0.44318717586044315,-0.4408297972654408,-0.43988684582743987,-0.4408297972654408,-0.4365865157944366,-0.43752946723243746,-0.4365865157944366,0.512965582272513,0.5205091937765205,0.5261669024045262,0.5304101838755304,0.45355964167845364,0.4446016030174446,0.4370579915134371,-0.46958981612446954,-0.45073078736445066,-0.4365865157944366,-0.42432814710042427,-0.4134842055634135,-0.4078264969354078,0.4214992927864215,0.4205563413484206,0.42479962281942485
1,0.4119844590555888,-0.46592946802151824,-0.39345487148834424,0.34997011356843993,0.3826957561267185,-0.5286909742976689,0.4119844590555888,0.40436341900777045,-0.5252540346682606,0.4315600717274357,-0.5085176329946204,0.456664674237896,-0.47504482964734007,-0.47848176927674835,0.4747459653317394,-0.440824865511058,0.4412731619844591,-0.43454871488344293,0.4601016138673043,0.454572624028691,-0.41019127316198445,0.4671249252839211,-0.366258218768679,0.44411237298266587,-0.32232516437537356,-0.3299462044231919,0.41826060968320383,-0.3299462044231919
0,0.24731723675385642,0.25586854460093894,-0.5155935613682093,-0.5539906103286385,0.28252850435949023,0.29107981220657275,-0.6329644533869887,-0.6431924882629108,-0.625922199865862,0.31220657276995306,0.3200871898054996,-0.5586854460093896,-0.5367203219315896,-0.5140845070422535,0.3388665325285043,0.34507042253521125,-0.4475184439973173,-0.43661971830985913,0.3552984574111334,0.22065727699530516,0.24496981891348082,0.27230046948356806,0.29426559356136817,0.3145539906103286,0.32712944332662636,0.3380281690140845,0.34825620389000667,0.3568075117370892
0,0.3262806236080178,0.3259624562519885,-0.4287305122494432,-0.4557747375119313,0.35523385300668153,0.36159720012726687,-0.522271714922049,-0.5493159401845371,0.3841870824053452,0.3905504295259306,-0.5979955456570156,-0.6072223989818645,0.3997772828507795,0.39277760101813547,-0.522271714922049,-0.4958638243716195,0.3819599109131403,0.3794145720649061,-0.4532293986636971,-0.4468660515431117,0.37973273942093544,0.37718740057270117,-0.4198218262806236,-0.41345847916003825,0.344097995545657,0.36159720012726687,0.3730512249443207,0.3794145720649061
0,0.4575546404814697,0.4735508394044979,0.4775102945834653,0.48685460880582826,0.49303135888501737,-0.3690212226797593,-0.3961038961038962,-0.4200190053848591,-0.44044979410833074,-0.44884383908774156,-0.4581881533101046,-0.45771301868862846,-0.43379790940766555,-0.39341146658219833,-0.3451061133987964,-0.30471967057332916,0.5351599619892302,0.537852391510928,0.5351599619892302,0.537852391510928,-0.2519797275894837,0.47576813430471965,0.4952486537852391,-0.32689261957554644,-0.331802343997466,-0.33354450427621163,-0.3362369337979095,0.5422869813113715
1,0.4017067003792667,0.2956700379266751,0.42383059418457647,0.31336915297092294,-0.4301517067003793,-0.5671618204804045,-0.46554993678887485,-0.5870733249051833,-0.456700379266751,-0.5583122629582806,-0.42793931731984836,0.41071428571428575,0.5344500632111251,0.4085018963337548,0.5145385587863464,0.37974083438685213,0.4769279393173198,0.34655499367888754,-0.3062579013906448,-0.4078697850821744,-0.2752844500632112,-0.3746839443742098,-0.24209860935524655,-0.3414981036662452,-0.20891276864728195,0.3620417193426044,0.461441213653603,0.32000632111251587
1,0.35941283292978216,-0.3565375302663438,0.3339891041162228,-0.27602905569007263,0.3149213075060533,-0.2484866828087167,0.34458232445520587,-0.41162227602905566,-0.5918583535108959,0.562953995157385,-0.5727905569007263,0.5820217917675545,0.40814164648910417,-0.35865617433414043,0.38695520581113807,-0.3332324455205811,-0.5007566585956416,0.5481234866828087,-0.49228208232445514,-0.30992736077481836,0.40178571428571436,-0.27814769975786924,0.39966707021791775,0.5608353510895884,-0.4032990314769975,0.5332929782082325,-0.38846852300242124,-0.21458837772397094
0,0.23674854557207503,-0.46945701357466063,-0.49402068519715575,0.2658371040723982,0.2752100840336135,-0.582579185520362,-0.6048804137039431,0.3042986425339366,0.3091467356173239,-0.6504524886877828,-0.6591790562378798,0.33144796380090497,0.3340336134453782,-0.580316742081448,-0.5098577892695539,0.3246606334841629,0.3249838396897221,-0.4287330316742081,-0.41257272139625073,0.2228506787330317,0.24353587588881712,0.27262443438914025,0.29557207498383975,0.3088235294117647,0.32045895281189407,0.33144796380090497,0.3408209437621203,0.3495475113122172
2,0.27678571428571425,0.19293478260869565,-0.34821428571428575,-0.453804347826087,-0.34277950310559013,0.3016304347826087,0.4506987577639751,-0.4592391304347826,-0.34821428571428575,-0.4592391304347826,0.5267857142857142,0.4320652173913043,0.5539596273291925,-0.453804347826087,-0.33734472049689446,0.4701086956521739,0.4778726708074533,0.33967391304347827,-0.44604037267080754,-0.5244565217391305,-0.3808229813664597,0.3342391304347826,0.44526397515527943,0.3342391304347826,-0.2775621118012423,-0.37228260869565216,-0.250388198757764,0.3179347826086957
0,0.4773242630385488,-0.24848828420256996,-0.26606198034769457,0.5292894935752078,-0.300453514739229,-0.32520786092214665,0.5487528344671202,-0.37547241118669694,-0.4062736205593348,0.5663265306122448,-0.4115646258503401,-0.3728269085411943,0.572562358276644,-0.31462585034013607,-0.28722600151171573,0.5821995464852607,-0.25283446712018137,-0.24319727891156467,0.58843537414966,-0.22996976568405145,-0.2316704459561602,0.5134164777021919,-0.3030990173847316,0.550453514739229,-0.3136810279667422,-0.31462585034013607,0.5857898715041573,-0.31727135298563874
1,-0.2376237623762376,0.32673267326732675,-0.3069306930693069,0.06930693069306931,-0.25742574257425743,-0.297029702970297,-0.2079207920792079,-0.5247524752475248,0.039603960396039604,-0.5445544554455446,0.1485148514851485,-0.4158415841584158,0.16831683168316833,-0.16831683168316833,0.0891089108910891,-0.039603960396039604,-0.009900990099009901,-0.009900990099009901,0.10891089108910891,0.07920792079207921,0.2079207920792079,0.25742574257425743,0.22772277227722773,0.39603960396039606,0.10891089108910891,0.45544554455445546,-0.07920792079207921,0.4158415841584158
1,0.3841797588600658,-0.27237851662404094,0.39185239313116554,-0.36445012787723785,-0.36773839970770916,0.3874680306905371,-0.4188892948483741,0.41304347826086957,-0.4546949214468396,0.4462915601023018,-0.4623675557179393,-0.4718670076726343,0.5350748995250274,-0.43350383631713557,0.5376324442820607,-0.3874680306905371,0.4915966386554622,-0.3695652173913043,-0.3319327731092437,0.479539641943734,-0.29101205699671173,0.4948849104859335,-0.24241870661308,0.4744245524296675,-0.19894044574351477,-0.20332480818414322,0.427658019729631,-0.19309462915601022
1,0.40609951845906905,0.38683788121990376,-0.4186195826645265,-0.37271268057784906,0.35890850722311396,0.3935794542536116,-0.5332263242375602,0.4272873194221509,0.44205457463884434,-0.5165329052969502,0.4645264847512039,-0.4918138041733547,-0.4747993579454253,0.45650080256821834,-0.4455858747993579,0.4272873194221509,-0.4276083467094703,-0.4288924558587479,0.45553772070626003,-0.41765650080256816,0.46677367576243983,-0.37271268057784906,-0.3556982343499197,0.43178170144462286,-0.3287319422150883,0.4048154093097914,0.3903691813804174,-0.32776886035312996
2,0.4170353982300885,-0.4702907711757269,-0.45685840707964603,0.44342604298356514,-0.459070796460177,0.46776232616940583,0.49004424778761063,-0.47250316055625785,0.49889380530973454,-0.4702907711757269,-0.45464601769911506,0.45448798988622,-0.5011061946902655,0.45448798988622,-0.48783185840707965,0.45448798988622,-0.47013274336283184,0.45448798988622,-0.45464601769911506,0.45448798988622,0.46792035398230086,-0.4525916561314791,0.47013274336283184,-0.4459544879898862,0.47013274336283184,-0.43931731984829325,0.47013274336283184,-0.4326801517067003
1,0.3929346141927487,-0.30585683297180044,-0.3424233033777502,0.40997830802603036,0.43414936473504806,-0.4793926247288503,-0.4834211341803532,0.46203904555314534,-0.48125193678339007,-0.4793926247288503,0.5165788658196467,0.5097613882863341,-0.3879764487139758,-0.3796095444685466,0.49488689185001555,-0.3557483731019523,-0.3445925007747133,0.47288503253796094,0.4992252866439418,-0.3275488069414317,-0.30120855283545084,0.5119305856832972,-0.26867059188100395,-0.2646420824295011,0.48621010226216305,0.45336225596529284,-0.21444065695692588,-0.227765726681128
1,0.3478047182175623,0.31061598951507213,-0.40907601572739183,-0.48296199213630403,-0.48017693315858445,0.32437745740498036,0.37303407601572747,0.3427260812581914,-0.562745740498034,-0.604521625163827,0.4257863695937091,0.39089121887287026,0.437254259501966,-0.5036041939711664,-0.44118610747051107,-0.4669069462647444,0.38908912188728706,0.35648754914809966,0.4143184796854522,-0.43479685452162514,-0.36549803407601567,0.39089121887287026,0.4280799475753605,0.37712975098296203,-0.27146133682830925,-0.3155307994757536,-0.2852228047182175,0.31520314547837486
1,0.3390785548558171,0.3452104739807756,-0.3523367583692409,-0.39028836592641697,0.36460059661915817,0.3660921445144183,-0.500828637719589,-0.5248591315876698,0.3947630096121976,0.41249585681140205,-0.5402717931720251,-0.5341398740470666,0.4597282068279749,0.461219754723235,-0.4729864103413987,-0.4529333775273451,0.4295657938349354,0.41017567119655285,-0.4126615843553198,-0.3972489227709646,0.4388465362943322,0.44729864103413985,-0.3384156446801458,-0.30444149817699706,0.4342061650646338,0.4171362280411004,-0.24328803447132907,-0.2557176002651641
2,0.35547112462006075,0.4372340425531915,-0.4466565349544073,-0.3840425531914894,-0.4530395136778116,0.48829787234042554,0.4341945288753799,0.5138297872340426,-0.4551671732522797,-0.3861702127659574,0.4831306990881459,0.5606382978723404,0.49802431610942244,-0.37553191489361704,-0.44240121580547115,-0.37553191489361704,0.5150455927051671,-0.3797872340425532,0.4384498480243161,0.5031914893617021,-0.48495440729483286,-0.4053191489361702,-0.45942249240121585,0.4968085106382979,0.4299392097264437,-0.35212765957446807,-0.41261398176291797,-0.3414893617021277
1,0.4097222222222222,-0.28422619047619047,0.4027777777777778,-0.3860780423280423,-0.38657407407407407,0.4009589947089947,-0.4699074074074074,0.44031084656084657,-0.46296296296296297,0.4750330687830688,-0.4305555555555556,-0.45552248677248675,0.5300925925925926,-0.4161706349206349,0.5138888888888888,-0.37913359788359785,0.47685185185185186,-0.36524470899470896,-0.3194444444444444,0.4704034391534392,-0.2847222222222222,0.47966269841269843,-0.24305555555555555,0.472718253968254,-0.20601851851851852,-0.2309854497354497,0.4699074074074074,-0.22172619047619047
0,0.30915670232850845,-0.31088735053492766,0.32898049087476394,0.43801132787916924,-0.48820012586532413,0.4534298300818124,-0.5366582756450599,-0.45405915670232855,0.3730333543108873,-0.4804908747640026,0.3752359974826935,0.4820641913152926,-0.5366582756450599,0.4930774071743234,-0.4771869100062933,-0.35273757079924484,0.4060730018879798,-0.30868470736312154,0.4148835745752045,0.5195091252359975,-0.3758653241032096,-0.2690371302706105,0.31576463184392695,-0.3615481434864695,0.35541220893643793,-0.3593455003146634,-0.4639710509754563,0.5106985525487727
0,0.32117407533084497,-0.33508652867322697,0.33780115371564307,-0.38496776382762127,0.35442823210044117,-0.4395995928062436,0.37105531048523926,-0.4728537495758398,0.3805564981336953,0.5057685782151341,-0.5481845945028843,0.5176450627757041,-0.49117746861214795,0.5247709535120462,-0.45792331184255175,0.5271462504241602,-0.44129623345775365,-0.3208347472005429,0.333050559891415,-0.3802171700033932,-0.4888021717000339,0.486766202918222,-0.4864268747879199,0.5081438751272481,0.3995588734306074,-0.36834068544282317,0.4161859518154055,-0.36834068544282317
0,0.39285714285714285,-0.2718156228008444,-0.4002463054187192,0.5360661505981703,-0.42980295566502463,0.5483814215341309,0.43472906403940886,-0.3752638986629134,0.4421182266009852,-0.4023574947220267,-0.5233990147783252,0.5730119634060521,-0.48891625615763545,0.5754750175932443,0.45689655172413796,-0.2964461646727656,0.45935960591133007,-0.27920478536242077,-0.39285714285714285,-0.27427867698803654,0.41502463054187194,-0.3112244897959183,-0.4248768472906404,0.5754750175932443,-0.41748768472906406,-0.2989092188599577,0.4766009852216749,-0.2989092188599577
2,0.23296703296703292,-0.49267399267399276,0.2739926739926739,0.2765567765567765,-0.46446886446886454,0.3227106227106227,-0.46446886446886454,0.3688644688644688,0.41758241758241754,-0.4875457875457876,0.4329670329670329,-0.4824175824175825,0.4483516483516483,0.4304029304029303,-0.44908424908424915,0.33809523809523806,-0.5516483516483517,0.3227106227106227,-0.5106227106227107,0.3227106227106227,-0.46446886446886454,0.3278388278388278,0.3663003663003662,-0.4311355311355312,0.3663003663003662,-0.41575091575091583,0.3663003663003662,-0.40036630036630044
1,0.4378729378729379,0.43295893295893295,-0.27465777465777463,-0.3164268164268164,-0.368023868023868,-0.38276588276588275,0.4427869427869428,0.4550719550719551,0.4550719550719551,-0.4835029835029835,-0.49087399087399086,-0.4663039663039663,-0.45893295893295893,0.5164970164970165,0.49929799929799934,0.4943839943839944,-0.3901368901368901,-0.3729378729378729,-0.37539487539487537,-0.35328185328185324,0.4820989820989821,0.4943839943839944,0.4845559845559846,-0.2476307476307476,-0.23534573534573533,-0.2083187083187083,-0.2083187083187083,0.4378729378729379
2,0.18540202966432467,0.21662763466042154,-0.44847775175644033,-0.4500390320062451,0.3056206088992974,0.3259172521467603,0.34387197501951594,-0.4718969555035129,-0.47580015612802506,0.42427790788446523,0.4367681498829039,0.45160031225604996,-0.47580015612802506,-0.46643247462919596,0.46955503512880553,0.33138173302107726,0.33294301327088205,-0.5429352068696331,-0.5304449648711944,0.3368462138953942,0.33294301327088205,-0.44457455113192823,-0.43208430913348955,0.33138173302107726,0.3274785323965651,-0.373536299765808,-0.3719750195160032,0.33138173302107726
1,0.33859595340282034,0.33874923359901893,0.3214285714285714,0.3151440833844267,0.3085530349478847,0.3430410790925812,-0.5905885959534029,0.3730839975475168,0.3858062538320049,-0.5732679337829553,0.40941140404659715,-0.5432250153280197,-0.5240649908031882,0.39454322501532796,-0.4940220723482526,0.36664622930717344,-0.48758430410790926,-0.48743102391171067,0.40297363580625384,-0.45953402820355616,0.40297363580625384,-0.43163703249540164,-0.41891477621091355,0.3795217657878602,-0.39101778050275904,0.35377069282648677,0.33645003065603923,-0.3694052728387493
2,0.31125092524056264,-0.40340488527017027,0.35788304959289424,0.3530717986676536,-0.3985936343449296,0.3789785344189489,-0.4037749814951887,0.4100666173205033,-0.4037749814951887,-0.4293116210214656,0.47705403404885277,-0.4293116210214656,0.49259807549963,-0.4293116210214656,0.5081421169504071,0.4929681717246484,-0.4037749814951887,0.3997039230199852,-0.4918578830495928,0.389341228719467,-0.4504071058475203,0.384159881569208,-0.4037749814951887,-0.3982235381199112,0.40451517394522585,-0.3671354552183568,0.40451517394522585,-0.3515914137675796
1,0.4058679706601467,-0.2963674467341949,-0.3422982885085575,0.4004540691582256,0.42053789731051344,-0.4919664687390849,-0.5012224938875306,0.446908836884387,-0.4743276283618582,-0.4650716032134125,0.4963325183374083,0.4982535801606706,-0.40097799511002447,-0.3843870066363954,0.49877750611246946,-0.34771219001047854,-0.33007334963325186,0.43957387355920363,0.46943765281173594,-0.32081732448480615,-0.29584352078239606,0.4958085923856095,-0.23471882640586797,-0.2254628012574223,0.48655256723716384,0.46157876353475374,-0.1980440097799511,-0.21079287460705556
0,0.38698010849909575,0.4045207956600361,-0.4079566003616637,-0.43345388788426764,0.4249547920433996,0.43490054249547916,-0.5016274864376131,-0.506871609403255,0.4452079566003616,0.4500904159132007,-0.4940325497287523,-0.47649186256781195,0.45280289330922235,0.45768535262206145,-0.4028933092224232,-0.3802893309222423,0.46292947558770337,0.3792043399638336,0.3920433996383363,0.40958408679927666,-0.41301989150090423,-0.41066907775768535,-0.4155515370705245,-0.4132007233273056,-0.41301989150090423,-0.40813743218806514,0.4831826401446654,0.493128390596745
0,0.3516876917831571,0.39566996249573816,-0.30463689055574505,-0.3155472212751449,-0.3762359359018071,-0.3895329014660757,0.4686327991817251,0.5054551653596999,0.49011251278554374,-0.4539720422775316,-0.45738152062734405,-0.41339924991476307,0.5020456870098874,0.5269348789635185,0.5092055915444936,-0.31077395158540744,-0.3165700647800887,-0.2797476986021139,-0.2879304466416639,0.5460279577224685,-0.26406409819297655,0.4076031367200818,0.4089669280600068,0.46249573815206274,-0.35952949198772594,-0.3394135697238323,-0.3643027616774634,-0.341800204568701
2,0.3302107728337236,-0.4504293520686963,0.384855581576893,-0.4558938329430132,0.43403590944574544,-0.46682279469164706,0.48868071818891484,0.434816549570648,-0.40202966432474635,0.4730679156908666,-0.4074941451990633,0.4894613583138174,-0.4074941451990633,0.3856362217017955,-0.5113192818110851,0.3965651834504294,-0.47853239656518354,0.3965651834504294,-0.4293520686963311,0.3965651834504294,-0.3801717408274786,-0.4395003903200624,0.46135831381733017,-0.40671350507416076,0.46135831381733017,-0.384855581576893,0.4558938329430132,-0.36846213895394214
0,0.44642857142857145,-0.39028314028314026,-0.3396074646074646,0.398005148005148,0.477960102960103,-0.5006435006435006,-0.4432110682110682,0.4115186615186615,0.4914736164736165,-0.5164092664092664,-0.43194980694980695,0.42953667953667957,-0.3981660231660232,-0.45109395109395106,0.5297619047619048,0.4588159588159588,-0.3396074646074646,-0.3992921492921493,0.5522844272844273,0.4835907335907336,-0.2878056628056628,-0.3542471042471042,0.44417631917631917,0.3912483912483913,-0.3486164736164736,-0.42406692406692403,-0.3531209781209781,0.46332046332046334
2,0.3363244795405599,-0.39160086145010764,-0.3370423546302944,0.3521177315147165,-0.3521177315147165,0.39734386216798284,0.487078248384781,-0.41672648959081116,0.5222541277817659,0.4777458722182341,-0.3571428571428572,0.4928212491026562,-0.3571428571428572,-0.41672648959081116,0.4669777458722182,-0.5071787508973438,0.4569274946159368,-0.4569274946159368,-0.3671931083991386,0.3822684852835607,-0.3320172290021537,0.37724335965542,-0.3068916008614502,0.37724335965542,-0.29181622397702806,-0.3413496051687006,0.4318018664752333,-0.3262742282842785
1,0.4056956115779645,-0.28338001867413626,-0.3285091814503579,0.40507314036725806,0.4209461562402739,-0.444600062247121,-0.4526921879863056,0.45736072206660444,-0.4744786803610333,-0.4794584500466853,0.503734827264239,0.5096483037659508,-0.44615624027388734,-0.43588546529723,0.5255213196389668,-0.379240585122938,-0.35901027077497666,0.4660753190164955,0.4928415810768752,-0.34002489884842824,-0.3197945845004668,0.5205415499533147,-0.26532835356364765,-0.2572362278244631,0.5080921257391846,0.47696856520385933,-0.2108621226268285,-0.21584189231248052
2,0.41390306122448983,0.4309630102040816,0.442920918367347,0.455516581632653,0.46077806122448983,-0.481983418367347,-0.48118622448979587,-0.4775191326530613,-0.47672193877551017,-0.47305484693877553,-0.47225765306122447,-0.466358418367347,-0.4677933673469387,0.5068558673469388,0.5098852040816327,0.5157844387755102,0.5188137755102041,0.4599808673469387,0.46077806122448983,0.4666772959183673,0.4674744897959184,-0.48421556122448983,-0.4744897959183673,-0.46412627551020413,-0.45663265306122447,-0.450733418367347,-0.44547193877551017,0.4622130102040816
1,0.3213437393959959,0.26128266033254155,0.3498473023413641,-0.5415676959619953,-0.502884289107567,-0.6033254156769596,-0.5527655242619613,0.35391923990498814,0.4353579911774686,0.37292161520190026,0.44723447573803865,0.38004750593824227,-0.4149983033593485,-0.4679334916864608,-0.38649474041398035,-0.4489311163895487,-0.3793688496776383,0.334916864608076,0.4211062097047845,0.36342042755344417,0.44248388191381066,0.3752969121140142,-0.28673227010519176,-0.33729216152019004,-0.25347811333559556,-0.32066508313539194,0.35934848998982016,0.27790973871733965
0,0.2454299255247122,0.2620176032498307,-0.5484089370345295,-0.5910629654705485,-0.6194989844278944,0.3023019634394042,0.3070412999322952,0.30941096817874064,0.31178063642518616,-0.6384563303994584,-0.6147596479350034,-0.5863236289776574,0.32362897765741366,0.32599864590385913,0.32836831415030465,-0.5247122545700745,-0.5057549085985106,-0.49153689911983756,-0.4820582261340556,0.32362897765741366,0.2667569397427217,0.28097494922139465,0.29993229519295866,0.3188896411645226,0.33310765064319564,0.3473256601218686,0.3544346648612051,0.3615436696005416
1,0.42772711921648093,-0.43566362715298884,-0.34295845997973656,0.3113812901046944,-0.40206011482607223,0.3302938196555218,0.4631881121242824,-0.5680513340087808,0.4821006416751098,0.3728470111448835,-0.4682539682539682,0.39648767308341776,-0.4422492401215805,-0.5491388044579534,0.5317460317460317,-0.5184059439378588,-0.378419452887538,0.3799392097264438,-0.36187098953056396,0.37048294495103007,0.5128335021952044,-0.4687605538669368,0.5270178993583249,0.3941236068895644,-0.2814927389395474,0.36811887875717664,-0.26730834177642687,-0.3836541708882134
1,-0.5607902735562305,-0.5425531914893617,-0.4969604863221879,-0.43617021276595747,-0.3905775075987837,-0.35106382978723405,-0.30547112462006026,-0.26595744680851063,-0.17781155015197517,-0.07446808510638298,0.0562310030395142,0.1595744680851064,0.3115501519756844,0.43617021276595747,0.4392097264437695,0.39361702127659576,0.33282674772036525,0.22340425531914893,0.0987841945288759,0.031914893617021274,0.16261398176291844,0.2872340425531915,0.39665653495440784,0.35106382978723405,0.226443768996961,0.09574468085106383,-0.09270516717325177,-0.30851063829787234
1,0.4439973172367539,0.4421529175050301,-0.3541247484909456,-0.37005365526492295,-0.3940308517773306,-0.40291750503018114,0.45808182427900745,0.47032193158953717,0.46747149564050977,-0.4592555331991952,-0.4668008048289738,-0.4404761904761905,-0.4268947015425888,0.5055331991951709,0.4932930918846412,0.4914486921529174,-0.38464118041582823,-0.3724010731052985,-0.37055667337357473,-0.3559691482226694,0.5285043594902751,0.5407444668008048,0.5308517773306506,-0.2738095238095239,-0.2672702883970489,-0.2526827632461436,-0.25788061703554654,0.4773641851106639
0,0.05229194481530928,0.125055629728527,0.08655985758789494,0.1530930129060971,0.10836671117044946,0.17178460169114382,0.1270582999554962,0.19359145527369834,0.14886515353805072,0.20916777926123728,0.16132621272808187,0.227859368046284,0.1800178015131286,0.23720516243880738,0.1831330663106364,0.24343569203382295,0.19247886070315975,0.24966622162883853,0.04294615042278591,-0.7378727191811303,-0.7919448153093013,0.1748998664886516,0.13640409434801956,-0.7441032487761459,0.1769025367156208,0.24655095683133074,-0.8044058744993324,-0.7503337783711614
1,0.3354564755838641,-0.3251440703670004,0.34394904458598724,-0.44404003639672435,0.3630573248407643,-0.5034880194115864,0.4118895966029724,-0.497118592659994,-0.49469214437367304,0.47103427358204425,-0.4564755838641189,0.4625417045799211,-0.40764331210191085,0.4328177130724901,-0.386411889596603,0.4328177130724901,-0.37367303609341823,0.4667879890809827,-0.34394904458598724,0.49651198058841367,-0.31634819532908703,-0.2869275098574462,0.49044585987261147,-0.24021838034576892,0.4416135881104034,-0.2274795268425842,0.39278131634819535,-0.23809523809523814
0,0.3357753357753358,-0.44887057387057383,0.3464590964590965,-0.48946886446886445,0.35927960927960934,0.31822344322344326,-0.5445665445665445,0.3331807081807082,-0.5637973137973138,0.3438644688644689,-0.5424297924297924,0.3438644688644689,-0.44413919413919406,0.3438644688644689,0.4020146520146521,-0.41468253968253965,0.4105616605616606,-0.40399877899877895,0.34218559218559225,-0.49587912087912084,0.37851037851037855,0.3395909645909646,-0.4569597069597069,0.360958485958486,-0.459096459096459,0.37591575091575097,0.43620268620268626,-0.5065628815628815
1,0.4031627576403695,0.39321250888415066,0.4031627576403695,0.4056503198294243,0.42057569296375263,0.435501066098081,0.4554015636105188,0.46286425017768296,-0.5172352523098792,-0.5122601279317698,-0.49235963041933195,-0.4873845060412225,-0.45007107320540163,-0.4426083866382374,-0.42519545131485437,-0.4301705756929638,-0.41773276474769017,-0.41275764036958074,-0.3928571428571429,-0.3878820184790334,-0.36549395877754093,-0.3480810234541578,0.4827647476901208,0.46783937455579244,0.46286425017768296,0.4429637526652452,0.43301350390902626,0.41311300639658843
0,0.3756476683937824,-0.26054774241302736,-0.38082901554404147,0.5218356772760918,0.4170984455958549,-0.3279052553663952,-0.4585492227979275,0.5477424130273871,-0.5103626943005182,-0.4159881569207994,0.4533678756476684,0.5684678016284235,-0.533678756476684,-0.4030347890451517,0.46632124352331605,-0.3330866025166543,-0.40932642487046633,0.576239822353812,0.4637305699481865,-0.21650629163582527,-0.3238341968911917,-0.20873427091043667,0.39378238341968913,-0.3019985196150999,-0.41450777202072536,0.5606957809030348,0.46113989637305697,-0.30717986676535897
1,0.3137350178166504,0.27421444768383546,-0.348396501457726,-0.43326854551344346,-0.47084548104956275,0.31729834791059286,0.3704243602202785,0.34450923226433433,-0.547942986718497,-0.5919987042436021,0.4316488500161969,0.4080012957563978,0.452057013281503,-0.517168772270813,-0.4504373177842566,-0.4740848720440557,0.39083252348558467,0.33317136378360873,0.3885649497894395,-0.44460641399416906,-0.38921282798833823,0.39212827988338195,0.4384515711046323,0.39893100097181733,-0.30758017492711376,-0.32669258179462257,-0.27129899578879174,0.31956592160673797
2,0.15982142857142864,-0.32678571428571423,0.23482142857142865,-0.3455357142857142,0.30357142857142866,-0.3455357142857142,0.35357142857142865,-0.3455357142857142,-0.44017857142857136,0.5107142857142858,-0.42767857142857135,0.5294642857142857,-0.40892857142857136,0.5482142857142858,-0.40267857142857133,-0.30803571428571425,0.3285714285714286,-0.45178571428571423,0.34107142857142864,-0.38303571428571426,0.33482142857142866,-0.32678571428571423,0.32232142857142865,0.4169642857142858,-0.3589285714285714,0.4169642857142858,-0.34017857142857133,0.41071428571428575
1,0.38716814159292035,0.2735461441213654,-0.27654867256637167,-0.43884323640960804,0.41150442477876104,0.30451959544879903,-0.4469026548672566,-0.5826485461441213,-0.48008849557522126,0.3598293299620734,0.4889380530973451,-0.5848609355246522,-0.45132743362831856,0.4062895069532238,0.5199115044247787,0.390802781289507,-0.3495575221238938,-0.4521175726927939,0.4756637168141593,0.3731036662452592,-0.3141592920353982,-0.40344500632111246,-0.24557522123893805,0.3708912768647282,0.47345132743362833,-0.3171618204804045,-0.19247787610619468,0.3000948166877371
1,0.38271394476645065,0.3307193999318104,-0.39294237981588825,-0.46641663825434715,-0.45738152062734405,0.34742584384589154,0.3970337538356631,0.35935901807023524,-0.5242072962836687,-0.5785884759631776,0.44237981588816905,0.4142516195022161,0.4662461643368564,-0.5475622229798841,-0.48840777361063764,-0.5189226048414592,0.4280600068189566,0.3712921922945789,0.4113535629048755,-0.4807364473235595,-0.42158199795431306,0.4214115240368223,0.46147289464711894,0.40231844527787247,-0.3643027616774634,-0.39481759290828505,-0.34043641322877605,0.34026593931128535
2,0.16461584633853538,-0.20618247298919568,0.2486494597839135,-0.1956782713085234,0.273859543817527,-0.19357743097238894,0.28226290516206476,-0.18937575030012005,0.2906662665066026,-0.18307322929171668,0.2990696278511404,-0.18097238895558224,0.3179771908763505,-0.17887154861944776,0.2486494597839135,-0.24819927971188474,0.2486494597839135,-0.2271908763505402,-0.6820228091236495,0.7139855942376951,-0.6589135654261705,0.7139855942376951,-0.6421068427370948,0.7097839135654262,-0.6358043217286915,-0.17046818727490995,0.24444777911164461,-0.16416566626650658
1,0.38073691014867483,-0.353425985778927,0.3852617970265029,-0.44166127989657405,0.3852617970265029,-0.516321913380737,0.40109890109890106,-0.5479961215255333,-0.5016160310277957,0.3773432449903038,-0.5016160310277957,0.4112798965740142,-0.4722042663219134,0.41806722689075626,-0.4065934065934066,0.393180349062702,-0.36813186813186816,0.3682934712346477,-0.354557207498384,0.4135423400129282,-0.32967032967032966,0.43842921784098254,0.49838396897220427,-0.3375888817065288,0.47123464770523593,-0.3149644473173885,0.4124111182934712,-0.30817711700064643
2,0.22924457741211662,0.2629020194465221,-0.4094988780852656,-0.41249065071054597,-0.4094988780852656,0.3990276738967839,0.43866866118175013,-0.4072550486163051,-0.40426327599102474,-0.4072550486163051,0.506731488406881,0.5142109199700823,0.5276738967838444,-0.4020194465220643,-0.3990276738967839,0.5194465220643232,0.3810770381451009,0.36761406133133884,-0.4723261032161556,-0.443904263275991,0.3496634255796559,0.33620044876589383,-0.3571428571428572,-0.3339566192969334,0.3234854151084517,0.31525804038893046,-0.30478683620044883,-0.3077786088257292
1,0.4405923344947736,0.33275261324041816,-0.34721254355400694,-0.44041811846689893,-0.30818815331010446,0.32055749128919864,0.43327526132404187,0.3400696864111499,-0.4740418118466898,-0.5940766550522648,-0.4789198606271776,-0.5745644599303136,0.5210801393728224,0.40592334494773524,0.504006968641115,0.3766550522648084,-0.38135888501742154,-0.4940766550522648,-0.37891986062717764,0.3888501742160279,0.5113240418118468,0.40348432055749134,0.5186411149825785,-0.4160278745644599,-0.2886759581881532,-0.38919860627177694,-0.27160278745644595,0.3400696864111499
2,0.23068513119533532,-0.42711370262390674,0.3123177842565598,-0.4475218658892129,0.3990524781341108,-0.4475218658892129,0.5112973760932945,0.4402332361516035,-0.3509475218658892,0.4759475218658892,-0.3509475218658892,0.49635568513119527,-0.3560495626822157,0.3432944606413994,-0.4887026239067055,0.3534985422740524,-0.4427842565597667,0.3534985422740524,-0.3866618075801749,0.3534985422740524,-0.33564139941690957,-0.41180758017492713,0.42966472303207004,-0.37609329446064144,0.41946064139941697,-0.3607871720116618,0.4092565597667639,-0.3454810495626823
2,0.36029643645537685,-0.4355093030589719,-0.43219804478082624,0.4055502995900347,0.424314096499527,-0.4487543361715547,-0.4432355723746452,0.45632292652160206,0.4706717123935667,-0.4487543361715547,-0.4432355723746452,0.4982655313781142,0.5104068117313151,-0.4487543361715547,-0.4432355723746452,0.5026805424156418,0.44197414064963736,-0.49731945758435825,-0.48076316619362974,0.4232103437401451,0.42872910753705457,-0.4421318196152633,-0.4255755282245348,0.4210028382213813,0.42652160201829076,-0.40681173131504256,-0.39467045096184167,0.4210028382213813
2,0.4657142857142857,0.34714285714285714,-0.4053968253968254,-0.5417460317460318,-0.40761904761904766,0.38936507936507936,0.5301587301587302,-0.5373015873015873,-0.400952380952381,-0.5328571428571428,0.5546031746031745,0.42714285714285716,0.5679365079365079,-0.5261904761904762,-0.3920634920634921,0.4426984126984127,0.5234920634920635,0.39380952380952383,-0.4320634920634921,-0.5506349206349206,-0.4031746031746032,0.4004761904761905,0.5346031746031745,0.39603174603174607,-0.3720634920634921,-0.5017460317460317,-0.3631746031746032,0.39380952380952383
2,0.20839112343966706,-0.4365464632454923,0.2569348127600554,0.28190013869625524,-0.44694868238557567,0.3401525658807213,-0.4518030513176145,0.3838418862690708,0.41712898751733696,-0.46567267683772534,0.43169209431345346,-0.4608183079056865,0.4414008321775311,0.43238557558945917,-0.437239944521498,0.3158807212205271,-0.5585991678224689,-0.5433425797503467,0.32004160887656025,0.30617198335644946,-0.44694868238557567,0.3013176144244106,0.3103328710124826,-0.3928571428571428,0.30547850208044375,0.2916088765603329,-0.34986130374479896,-0.35402219140083213
1,0.3889231718605368,0.37411292810860847,0.39540265350200554,-0.39046590558469607,-0.39293427954335086,-0.4293427954335082,-0.44045047824745454,-0.47469916692378894,0.43211971613699474,0.42378895402653505,0.44507867941993207,0.4432273989509411,-0.51172477630361,-0.5265350200555384,-0.5030854674483185,-0.5027769207034866,-0.47068805924097507,0.47346497994446163,0.47099660598580684,0.4432273989509411,0.46883677877198393,0.4691453255168158,-0.39509410675717377,-0.38830607837087316,-0.35189756248071585,-0.3451095340944153,0.4645171243443381,0.4302684356680037
1,0.3242630385487528,-0.2957563977972142,-0.40589569160997735,0.4071914480077745,-0.5215419501133787,-0.49076773566569487,0.3968253968253968,-0.47942986718496927,-0.528344671201814,0.5001619695497246,0.42857142857142855,-0.39552964042759964,0.4036281179138322,0.45707806932296724,-0.42857142857142855,0.45027534823453186,0.40589569160997735,-0.3365727243278264,0.4376417233560091,0.5092322643343051,-0.36054421768707484,-0.27988338192419826,0.43537414965986393,-0.23226433430515067,-0.29024943310657597,0.4275996112730806,-0.29705215419501135,-0.24133462908973116
0,0.44685839324789,-0.35589246639574873,-0.3168177555486089,0.41216005001562983,-0.3671459831197249,0.43185370428258824,0.5037511722413255,-0.5134417005314161,0.5146920912785246,-0.5331353547983746,-0.47874335729915596,0.460300093779306,-0.4502969678024382,-0.48280712722725855,0.521256642700844,-0.43029071584870277,0.5146920912785246,0.4515473585495467,-0.32775867458580804,0.45592372616442634,-0.30150046889653015,-0.35589246639574873,0.46436386370740856,0.4187246014379493,-0.35839324788996557,-0.4259143482338231,-0.36495779931228506,0.46686464520162546
0,0.2699692780337942,-0.2766897081413211,0.294162826420891,-0.3331413210445469,0.31835637480798773,-0.4057219662058372,0.34254992319508454,-0.46217357910906304,0.3667434715821813,-0.4971198156682028,-0.6009984639016897,0.4786866359447004,-0.4800307219662058,0.4786866359447004,-0.40207373271889396,0.4921274961597542,-0.33486943164362515,0.5028801843317972,-0.2972350230414746,-0.2148617511520738,0.2780337941628265,-0.3546466973886329,0.33717357910906304,-0.36271121351766517,0.3613671274961598,0.46524577572964665,-0.4531490015360983,0.4894393241167434
0,0.42454728370221323,0.4394701542588867,-0.3078470824949699,-0.33283031522468143,-0.36418511066398396,-0.3891683433936955,0.4808853118712273,0.488765928906774,0.49496981891348085,-0.443158953722334,-0.45338698859825627,-0.4478537894030852,-0.42756539235412483,0.5098926894701543,0.5090543259557343,0.5192823608316566,-0.31958417169684783,-0.30466130114017437,-0.29610999329309196,-0.28353454057679406,0.5466130114017438,0.4183433936955064,0.4433266264252179,-0.35865191146881287,-0.36418511066398396,-0.36334674714956405,-0.3665325285043595,0.5474513749161637
0,0.33367105707531247,0.27727119216480917,0.35731171901384673,0.2961837217156366,0.3762242485646742,0.3127321850726106,-0.536305302262749,-0.6210739614994935,-0.5623100303951367,-0.6447146234380278,-0.5670381627828436,-0.602161431948666,-0.503208375548801,-0.5477879094900372,-0.46065518405943934,-0.5170550489699426,-0.4346504559270516,0.35292131036811886,0.4235055724417427,0.35292131036811886,0.4235055724417427,0.3552853765619723,0.347855454238433,0.29854778790949,0.3880445795339413,0.33400878081729146,0.414049307666329,0.35292131036811886
1,0.45306611853374446,-0.434737923946557,-0.3886605001712915,0.4405618362452895,-0.3454950325453922,-0.3340184994861254,0.44347379239465573,-0.47070914696813976,0.4818430969510107,-0.44912641315519014,0.5106200753682768,-0.4203494347379239,-0.4006509078451524,0.5077081192189106,-0.3718739294278862,0.4813292223364166,-0.36947584789311405,0.48612538540596095,-0.3598835217540253,0.5173004453579994,-0.3335046248715313,0.5292908530318603,-0.3023295649194929,-0.29564919492977043,0.5106200753682768,-0.2740664611168208,0.4722507708119219,-0.28365878725590954
0,0.3734155532716684,0.38609112709832133,-0.3963686193902021,-0.42206235011990406,-0.44912641315519014,0.4172661870503597,0.4237752655018842,0.4316546762589928,0.43576567317574516,-0.5275779376498801,-0.5186707776635834,-0.5035971223021583,0.4501541623843782,0.4556354916067146,0.45974648852346695,-0.41247002398081534,-0.39157245632065774,-0.37889688249400477,-0.3723878040424803,0.4724220623501199,0.36861939020212403,-0.4172661870503597,-0.41795135320315174,0.4364508393285372,0.4453579993148339,-0.41007194244604317,-0.4107571085988352,0.4724220623501199
2,0.4073147858705846,-0.472335104720225,-0.46795873710534536,0.440137542982182,0.4532666458268209,-0.472335104720225,-0.46577055329790557,0.4663957486714599,0.47514848390121917,-0.4592060018755861,-0.45045326664582674,0.48171303532353865,0.490465770553298,-0.44826508283838695,-0.44170053141606747,0.45545482963426076,-0.509534229446702,0.45545482963426076,0.4598311972491404,-0.4788996561425445,0.4598311972491404,-0.45701781806814623,-0.44170053141606747,0.4576430134417006,-0.4329477961863082,0.4576430134417006,0.46420756486402004,-0.4263832447639887
2,0.32030075187969925,-0.3368421052631579,-0.3165413533834586,0.35789473684210527,0.40451127819548877,-0.3526315789473684,0.4518796992481203,0.46842105263157896,-0.337593984962406,0.5105263157894737,0.5518796992481203,-0.3526315789473684,-0.33233082706766914,0.5578947368421052,-0.3270676691729323,-0.34210526315789475,0.44135338345864666,-0.4421052631578947,-0.40601503759398494,0.4421052631578947,-0.3586466165413534,-0.3526315789473684,0.46766917293233085,-0.32105263157894737,-0.29022556390977444,0.4421052631578947,-0.26917293233082706,-0.2789473684210526
2,0.4604730781201369,-0.39060068471833176,-0.3892001244942422,0.48957360722066606,-0.391378773731715,0.5135387488328665,0.5280112044817926,-0.39713663243075004,0.5432617491441021,-0.3927793339558045,-0.3892001244942422,0.5549330843448491,-0.38484282601929665,0.5614690320572674,0.5672268907563025,-0.3818860877684407,0.5105820105820106,-0.4385309679427326,-0.4240585122938065,0.5070028011204482,-0.4044506691565516,-0.3927793339558045,0.506224712107065,-0.37752878929349515,-0.3695922813569873,0.5070028011204482,-0.363056333644569,-0.3622782446311858
0,0.21224974550390222,-0.4731930777061419,-0.49321343739396,0.24889718357651847,0.2763827621309806,-0.6109602986087547,-0.6191041737360028,0.29877841873091276,0.31676280963691883,-0.6513403461146929,-0.6001017984390906,0.3177807940278249,0.33576518493383095,-0.5254496097726502,-0.49321343739396,0.34153376314896505,0.3571428571428571,-0.46844248388191384,-0.4433322022395657,0.34865965388530706,0.21224974550390222,0.22514421445537833,0.2740074652188666,0.2845266372582287,0.31913810654903285,0.3201560909399389,0.34526637258228704,0.343909060061079
1,0.4195171026156942,-0.30717639168343386,0.414822266934943,-0.3752515090543259,-0.3832997987927565,0.42287055667337364,-0.4419852448021462,0.4463447350771295,-0.46076458752515087,0.4745137491616365,-0.46545942320590206,-0.47384305835010054,0.5345405767940979,-0.4268947015425888,0.5298457411133468,-0.3893360160965794,0.4922870556673374,-0.363514419852448,-0.32696177062374243,0.49094567404426565,-0.29879275653923537,0.5050301810865192,-0.24949698189134806,0.4839034205231389,-0.21428571428571427,-0.23675385647216626,0.4500335345405768,-0.2508383635144198
1,0.36680469289164935,-0.3181504485852312,0.3643892339544513,0.34851621808143546,-0.4182194616977226,0.35576259489302964,-0.4930986887508627,0.36542443064182195,0.3933747412008281,-0.5476190476190477,0.41994478951000686,-0.5452035886818496,-0.5172532781228434,0.44271911663216007,-0.44720496894409945,0.44030365769496205,-0.3988957902001381,-0.40510697032436166,0.43443754313319527,-0.3857832988267771,0.46100759144237397,-0.35196687370600416,-0.31918564527260185,0.4523809523809524,-0.2708764665286405,0.4282263630089717,0.42477570738440296,-0.27950310559006214
1,0.4348639455782313,-0.4057823129251701,-0.3222789115646258,0.29897959183673467,-0.40085034013605436,0.3204081632653061,0.45153061224489804,-0.5795918367346939,0.4753401360544218,0.3680272108843537,-0.4698979591836734,0.3942176870748299,-0.4603741496598639,-0.567687074829932,0.5301020408163266,-0.5153061224489797,-0.37942176870748295,0.37517006802721087,-0.3698979591836734,0.38707482993197273,0.5158163265306123,-0.4534013605442177,0.5158163265306123,0.38469387755102036,-0.26989795918367343,0.3608843537414966,-0.25085034013605434,-0.367687074829932
